{
  "todos": [
    {
      "title": "mike irakoze",
      "body": "this app is more helpful because it help me to manage my money and use it efficiently and effectively\ni would like to encourage any one to use it because it is\nmore helpful thank you. ",
      "likes": 6,
      "id": 16
    },
    {
      "title": "Elie Mahoro",
      "body": "this app is more helpful because it help me to manage my money and use it efficiently and effectively i would like to encourage any one to use it because it is more helpful thank you.",
      "likes": 4,
      "id": 17
    },
    {
      "title": "kamana",
      "body": "this app is more helpful because it help me to manage my money and use it efficiently and effectively i would like to encourage any one to use it because it is more helpful thank you.",
      "likes": 4,
      "id": 18
    },
    {
      "title": "emmanuel",
      "body": "this is good application",
      "likes": 1,
      "id": 19
    },
    {
      "title": "mr felix",
      "body": "Go is a statically typed, compiled programming language designed at Google by Robert Griesemer, Rob Pike, and Ken Thompson. ... Go is syntactically similar to C, ...\nStable release: 1.18 / 15 March 2022; 9 days a...\nFirst appeared: November 10, 2009; 12 years",
      "likes": 1,
      "id": 20
    },
    {
      "title": "eee",
      "body": "@import url('https://fonts.googleapis.com/css2?family=Roboto:wght@300;400;500;700&display=swap');",
      "likes": 0,
      "id": 21
    },
    {
      "title": "peter",
      "body": "#myid {\n  background-color: blue;\n}\n\n.myclass {\n  background-color: gray;\n}\n\np {\n  background-color: red !important;\n}",
      "likes": 2,
      "id": 22
    },
    {
      "title": "martin",
      "body": "#myid {\n  background-color: blue;\n}\n\n.myclass {\n  background-color: gray;\n}\n\np {\n  background-color: red !important;\n}",
      "likes": 0,
      "id": 23
    },
    {
      "title": "mark",
      "body": "England\nEngland\nLeague Two\nSofaScore ratings\n20:45\n-\nHartlepool United\nMansfield Town\n1\n3.10\nX\n3.30\n2\n2.30\n\n20:45\n-\nOldham Athletic\nLeyton Orient\n1\n3.40\nX\n3.30\n2\n2.15\n\n20:45\n-\nRochdale\nCarlisle United\n1\n2.15\nX\n3.25\n2\n3.40\n\n21:45\n-\nSalford City\nCrawley Town\n1\n1.85\nX\n3.40\n2\n4.50\n\n\nWorld\nInt. Friendly Games\n12:30\nFT\nTajikistan \nKyrgyzstan \n1\n3.10\nX\n3.20\n2\n2.10\n1\n0\n\n13:00\nFT\nAzerbaijan \nLatvia \n1\n2.25\nX\n3.20\n2\n2.80\n0\n1\n\n16:00\n-\nCroatia\nBulgaria\n1\n1.45\nX\n3.80\n2\n7.50\n\n16:00\n-\nUzbekistan\nUganda\n1\n1.62\nX\n3.40\n2\n5.25\n\n17:00\n-\nLiechtenstein\nFaroe Islands\n1\n7.00\nX\n4.75\n2\n1.33\n\n18:00\n-\nAlbania\nGeorgia\n1\n1.83\nX\n3.30\n2\n3.75\n\n18:00\n-\nBahrain\nBelarus\n\n18:00\n-\nDenmark\nSerbia\n1\n1.91\nX\n3.40\n2\n4.00\n\n18:00\n-\nFinland\nSlovakia\n1\n2.70\nX\n3.10\n2\n2.75\n\n18:00\n-\nSwitzerland\nKosovo\n1\n1.29\nX\n5.25\n2\n8.00\n\n19:00\n-\nMalta\nKuwait\n1\n2.25\nX\n3.20\n2\n2.88\n\n19:00\n-\nNorway\nArmenia\n1\n1.20\nX\n6.00\n2\n9.50\n\nShow all matches\nWorld\nInt. Friendly Games, Round 1\nUzbekistan - Uganda\nFIFA 85.\nFIFA 84.\nUzbekistan\nFOLLOW\n00:49:37\nUganda\nFOLLOW\n\nDETAILS\nLINEUPS\nMATCHES\nToday at 16:00\nNot started\nWHO WILL WIN?\n2780\n1350\n742\n1\nX\n2\nAdd to betslip!\nBet Now\nFull time\n1\n1.62 \nX\n3.40 \n2\n5.25 \nShow more\nSponsored by\nbet365\nGamble responsibly 18+\n",
      "likes": 0,
      "id": 24
    },
    {
      "title": "mark",
      "body": "England\nEngland\nLeague Two\nSofaScore ratings\n20:45\n-\nHartlepool United\nMansfield Town\n1\n3.10\nX\n3.30\n2\n2.30\n\n20:45\n-\nOldham Athletic\nLeyton Orient\n1\n3.40\nX\n3.30\n2\n2.15\n\n20:45\n-\nRochdale\nCarlisle United\n1\n2.15\nX\n3.25\n2\n3.40\n\n21:45\n-\nSalford City\nCrawley Town\n1\n1.85\nX\n3.40\n2\n4.50\n\n\nWorld\nInt. Friendly Games\n12:30\nFT\nTajikistan \nKyrgyzstan \n1\n3.10\nX\n3.20\n2\n2.10\n1\n0\n\n13:00\nFT\nAzerbaijan \nLatvia \n1\n2.25\nX\n3.20\n2\n2.80\n0\n1\n\n16:00\n-\nCroatia\nBulgaria\n1\n1.45\nX\n3.80\n2\n7.50\n\n16:00\n-\nUzbekistan\nUganda\n1\n1.62\nX\n3.40\n2\n5.25\n\n17:00\n-\nLiechtenstein\nFaroe Islands\n1\n7.00\nX\n4.75\n2\n1.33\n\n18:00\n-\nAlbania\nGeorgia\n1\n1.83\nX\n3.30\n2\n3.75\n\n18:00\n-\nBahrain\nBelarus\n\n18:00\n-\nDenmark\nSerbia\n1\n1.91\nX\n3.40\n2\n4.00\n\n18:00\n-\nFinland\nSlovakia\n1\n2.70\nX\n3.10\n2\n2.75\n\n18:00\n-\nSwitzerland\nKosovo\n1\n1.29\nX\n5.25\n2\n8.00\n\n19:00\n-\nMalta\nKuwait\n1\n2.25\nX\n3.20\n2\n2.88\n\n19:00\n-\nNorway\nArmenia\n1\n1.20\nX\n6.00\n2\n9.50\n\nShow all matches\nWorld\nInt. Friendly Games, Round 1\nUzbekistan - Uganda\nFIFA 85.\nFIFA 84.\nUzbekistan\nFOLLOW\n00:49:37\nUganda\nFOLLOW\n\nDETAILS\nLINEUPS\nMATCHES\nToday at 16:00\nNot started\nWHO WILL WIN?\n2780\n1350\n742\n1\nX\n2\nAdd to betslip!\nBet Now\nFull time\n1\n1.62 \nX\n3.40 \n2\n5.25 \nShow more\nSponsored by\nbet365\nGamble responsibly 18+\n",
      "likes": 0,
      "id": 25
    },
    {
      "title": "eric",
      "body": "hello this is good project",
      "likes": 0,
      "id": 26
    },
    {
      "title": "kamikazi",
      "body": "\nFuck Definition & Meaning | Dictionary.comhttps://www.dictionary.com › browse › fuck\nFuck definition, to have sexual intercourse with. ... For many people, the word fuck is extremely vulgar, considered improper and taboo in all of its senses ...\n\nFuck - Wikipediahttps://en.wikipedia.org › wiki › Fuck\nFuck is an obscene English-language word. It often refers to the act of sexual intercourse, but is also commonly used as an intensifier or to convey disdain ...\n‎Offensiveness · ‎Etymology · ‎Early usage · ‎Modern usage\n\nFuck Definition & Meaning - Merriam-Websterhttps://www.merriam-webster.com › dictionary › fuck\nDefinition of fuck (Entry 2 of 2). 1 usually obscene : an act of copulation. 2 usually obscene : a sexual partner. 3a usually vulgar : damn sense 2.\n",
      "likes": 0,
      "id": 27
    },
    {
      "title": "peter",
      "body": "\nFuck Definition & Meaning | Dictionary.comhttps://www.dictionary.com › browse › fuck\nFuck definition, to have sexual intercourse with. ... For many people, the word fuck is extremely vulgar, considered improper and taboo in all of its senses ...\n\nFuck - Wikipediahttps://en.wikipedia.org › wiki › Fuck\nFuck is an obscene English-language word. It often refers to the act of sexual intercourse, but is also commonly used as an intensifier or to convey disdain ...\n‎Offensiveness · ‎Etymology · ‎Early usage · ‎Modern usage\n\nFuck Definition & Meaning - Merriam-Websterhttps://www.merriam-webster.com › dictionary › fuck\nDefinition of fuck (Entry 2 of 2). 1 usually obscene : an act of copulation. 2 usually obscene : a sexual partner. 3a usually vulgar : damn sense 2.\n",
      "likes": 0,
      "id": 28
    },
    {
      "title": "jay",
      "body": "\nFuck Definition & Meaning | Dictionary.comhttps://www.dictionary.com › browse › fuck\nFuck definition, to have sexual intercourse with. ... For many people, the word fuck is extremely vulgar, considered improper and taboo in all of its senses ...\n\nFuck - Wikipediahttps://en.wikipedia.org › wiki › Fuck\nFuck is an obscene English-language word. It often refers to the act of sexual intercourse, but is also commonly used as an intensifier or to convey disdain ...\n‎Offensiveness · ‎Etymology · ‎Early usage · ‎Modern usage\n\nFuck Definition & Meaning - Merriam-Websterhttps://www.merriam-webster.com › dictionary › fuck\nDefinition of fuck (Entry 2 of 2). 1 usually obscene : an act of copulation. 2 usually obscene : a sexual partner. 3a usually vulgar : damn sense 2.\n",
      "likes": 0,
      "id": 29
    },
    {
      "title": "eric",
      "body": "\nFuck Definition & Meaning | Dictionary.comhttps://www.dictionary.com › browse › fuck\nFuck definition, to have sexual intercourse with. ... For many people, the word fuck is extremely vulgar, considered improper and taboo in all of its senses ...\n\nFuck - Wikipediahttps://en.wikipedia.org › wiki › Fuck\nFuck is an obscene English-language word. It often refers to the act of sexual intercourse, but is also commonly used as an intensifier or to convey disdain ...\n‎Offensiveness · ‎Etymology · ‎Early usage · ‎Modern usage\n\nFuck Definition & Meaning - Merriam-Websterhttps://www.merriam-webster.com › dictionary › fuck\nDefinition of fuck (Entry 2 of 2). 1 usually obscene : an act of copulation. 2 usually obscene : a sexual partner. 3a usually vulgar : damn sense 2.\n",
      "likes": 0,
      "id": 30
    }
  ]
}